<?xml version="1.0" encoding="UTF-8"?>

<!DOCTYPE struts-config
PUBLIC "-//Apache Software Foundation//DTD Struts Configuration 1.3//EN"
"http://struts.apache.org/dtds/struts-config_1_3.dtd">

<struts-config>
	
	<!-- method 방식!! 여기서 method 이름은 사용자 정의 이름 -->
	<!-- http://localhost:8080/struts1/board.do?method=write -->
	<form-beans>
		<form-bean name="boardForm" type="com.board.BoardForm"/>
	</form-beans>
	
	<action-mappings>
		
		<!-- 단축아이콘 -->
		<!-- <action path="/boardList" forward="/board.do?method=list"/> -->
	
		<action path="/board" type="com.board.BoardAction" name="boardForm" scope="request" parameter="method">
			<forward name="created" path="/board/created.jsp"/>
			<forward name="save" redirect="true" path="/board.do?method=list"/>
			<forward name="list" path="/board/list.jsp"/>
		</action>
	
	</action-mappings>

</struts-config>