<?xml version="1.0" encoding="UTF-8"?>

<!DOCTYPE sqlMap
PUBLIC "-//ibatis.apache.org//DTD SQL Map 2.0//EN"
"http://ibatis.apache.org/dtd/sql-map-2.dtd">

<sqlMap namespace="board">

<select id="numMax" resultClass="int">
	select nvl(max(num),0) from board
</select>

<insert id="insertData" parameterClass="com.board.BoardDTO">
	insert into board (num,name,subject,email,content,pwd,ipAddr,hitCount,created)
	values (#num#,#name#,#subject#,#email#,#content#,#pwd#,#ipAddr#,0,sysdate)
</insert>

<select id="dataCount" resultClass="int" parameterClass="map">
	select nvl(count(*),0) from board
	where $searchKey$ like '%' || #searchValue# || '%'
</select>

<select id="listData" resultClass="com.board.BoardDTO" parameterClass="map">
	select * from (
	select rownum rnum, data.* from (
	select num,name,subject,email,hitCount,
	to_char(created,'YYYY-MM-DD') created from board
	where $searchKey$ like '%' || #searchValue# || '%'
	order by num desc) data)
	<![CDATA[
	where rnum>=#start# and rnum<=#end#
	]]>
</select>

<update id="hitCountUpdate" parameterClass="int">
	update board set hitCount = hitCount+1 where num = #num#
</update>

<select id="readData" resultClass="com.board.BoardDTO" parameterClass="int">
	select num,name,pwd,email,subject,content,ipAddr,hitCount,created
	from board where num = #num#
</select>

<update id="updateData" parameterClass="com.board.BoardDTO">
	update board set name = #name#,subject = #subject#,email = #email#,
	content = #content#,pwd = #pwd# where num = #num#
</update>

<delete id="deleteData" parameterClass="int">
	delete from board where num = #num#
</delete>

</sqlMap>