<?xml version="1.0" encoding="UTF-8"?>
<beans xmlns="http://www.springframework.org/schema/beans"
	xmlns:xsi="http://www.w3.org/2001/XMLSchema-instance"
	xmlns:context="http://www.springframework.org/schema/context"
	xmlns:aop="http://www.springframework.org/schema/aop"
	xsi:schemaLocation="http://www.springframework.org/schema/beans
	https://www.springframework.org/schema/beans/spring-beans-3.0.xsd
	http://www.springframework.org/schema/context
	https://www.springframework.org/schema/context/spring-context-3.0.xsd
	http://www.springframework.org/schema/aop
	http://www.springframework.org/schema/aop/spring-aop-3.0.xsd">

	<description>Example configuration to get you started.</description>

	<context:component-scan base-package="com.exe.aop" />
	
	<!-- AOP 어노테이션 -->
	<aop:aspectj-autoproxy/>
 <!-- 
	문법 execution(메소드접근지정자 반환값 패키지.클래스.메소드(인수) 
	public void com..aop.*.*(..)
	public void com..aop.*A.*(..)
	public void com..aop.*B.*(..)
	public void com..aop.*.*S*(..)
	public void com..aop.*.*1(..)
	public void com..aop.*.*A*1(..)
	public void com..aop.*.*(int,String)
	
	public void com..aop.*.*Some*()
	
	public void com..aop.*.*Some*1()
	
	메소드 실행되기 전 beforeMethodCall메소드를 expression="execution(public void com..aop.*.*(int,String))에 실행
	<bean id="beforeAdvice" class="com.exe.aop.MyBeforeAdvice"/>
	<bean id="afterAdvice" class="com.exe.aop.MyAfterAdvice"/>
	<bean id="aroundAdvice" class="com.exe.aop.MyAroundAdvice"/>
	<bean id="afterReturningAdvice" class="com.exe.aop.MyAfterReturningAdvice"/>
	<bean id="afterThrowingAdvice" class="com.exe.aop.MyAfterThrowingAdvice"/>
	
	<aop:config>
		
		<aop:aspect ref="beforeAdvice">
			<aop:pointcut  id="beforePointcut" expression="execution(public void com..aop.*.*(int,String))"/>
			<aop:before method="beforeMethodCall" pointcut-ref="beforePointcut"/>
		</aop:aspect>
		
		 
		<aop:aspect ref="afterAdvice">
			<aop:pointcut id="afterPointcut" expression="execution(public void com..aop.*.*Some*())" />
		 	<aop:after method="afterMethodCall" pointcut-ref="afterPointcut"/>
		</aop:aspect>
		
		
		<aop:aspect ref="aroundAdvice">
			<aop:pointcut id="aroundPointcut" expression="execution(public void com..aop.*.*Some*1())" />
		 	<aop:around method="aroundMethodCall" pointcut-ref="aroundPointcut"/>
		</aop:aspect>
		
		
		<aop:aspect ref="afterReturningAdvice">
			<aop:pointcut id="afterReturningPointcut" expression="execution(public void com..aop.*.*A*2())" />
		 	<aop:around method="afterReturningMethodCall" pointcut-ref="afterReturningPointcut"/>
		</aop:aspect>
		
		
		<aop:aspect ref="afterThrowingAdvice">
			<aop:pointcut id="afterThrowingPointcut" expression="execution(public void com..aop.*.*A*2())" />
		 	<aop:after-throwing method="afterThrowingMethodCall" pointcut-ref="afterThrowingPointcut"/>
		</aop:aspect>
		
	</aop:config>
	
	 
	<aop:config>
	
	</aop:config>
 -->
</beans>
