<?xml version="1.0" encoding="UTF-8"?>

<!DOCTYPE configuration
PUBLIC "-//mybatis.org//DTD Config 3.0//EN"
"http://mybatis.org/dtd/mybatis-3-config.dtd">

<configuration>
	
	<!-- myBatis 영역 -->
	<!-- Spring에서는 생략 -->
	<!-- 다른 프레임워크 붙일 수 있다 - DB위치 적기 -->
	<properties>
		<property name="driver" value="oracle.jdbc.driver.OracleDriver"/>
		<property name="url" value="jdbc:oracle:thin:@localhost:1521:TestDB"/>
		<property name="username" value="suzi"/>
		<property name="password" value="a123"/>
	</properties>
	
	<!-- 위에 여러 DB 있으면 하나씩 활성화와 비활성화 하고 아래 적용된다!! -->
	<environments default="development">
		<environment id="development">
			<transactionManager type="JDBC"/>
			<dataSource type="POOLED">
				<property name="driver" value="${driver}"/>
				<property name="url" value="${url}"/>
				<property name="username" value="${username}"/>
				<property name="password" value="${password}"/>
			</dataSource>
		</environment>
	</environments>
	
	
	<!-- Spring만 사용 - SQL문 위치 -->
	<mappers>
		<mapper resource="com/exe/mapper/customMapper.xml"/>
	</mappers>

</configuration>