<?xml version="1.0" encoding="UTF-8"?>
<beans xmlns="http://www.springframework.org/schema/beans"
	xmlns:xsi="http://www.w3.org/2001/XMLSchema-instance"
	xmlns:context="http://www.springframework.org/schema/context"
	xsi:schemaLocation="http://www.springframework.org/schema/beans
	https://www.springframework.org/schema/beans/spring-beans-3.0.xsd
	http://www.springframework.org/schema/context
	https://www.springframework.org/schema/context/spring-context-3.0.xsd">

	<description>Example configuration to get you started.</description>
	
	<!-- 완충제 -->
	
	<!-- 어노테이션 모두 적용되게 할려면 base-package="*" -->
	<!-- <context:component-scan base-package="com.exe.springdi3" /> -->
	<context:component-scan base-package="*" />
	
	
	
	<!-- 
	객체생성 (이름만 바꿔주면 된다)
	<bean id="message" class="com.exe.springdi3.MessageKr"/>
	
	제어의 역전 구조 IOC
	autowire="byName" : 세터의 이름과 객체의 이름이 같으면 바로 찾아간다!!
	아래 <property name="timeService" ref="timeService"/> 생략가능
	<bean id="serviceConsumer" class="com.exe.springdi4.ServiceConsumer" autowire="byName">
		<constructor-arg ref="messageService"/>
		<property name="timeService" ref="timeService"/>
		<property name="jobService" ref="jobService"/>
	</bean>
	
	생성자
	<bean id="messageService" class="com.exe.springdi4.MyMessageService"/>
	메소드
	<bean id="timeService" class="com.exe.springdi4.MyTimeService"/>
	메소드
	<bean id="jobService" class="com.exe.springdi4.MyJobService"/>
	 -->
	
</beans>
