<?xml version="1.0" encoding="UTF-8"?>  
<beans xmlns="http://www.springframework.org/schema/beans"
	xmlns:xsi="http://www.w3.org/2001/XMLSchema-instance"
	xmlns:aop="http://www.springframework.org/schema/aop"
	xmlns:context="http://www.springframework.org/schema/context"	
	xmlns:util="http://www.springframework.org/schema/util"
	xsi:schemaLocation="http://www.springframework.org/schema/beans http://www.springframework.org/schema/beans/spring-beans-2.5.xsd
		http://www.springframework.org/schema/aop http://www.springframework.org/schema/aop/spring-aop-2.5.xsd
		http://www.springframework.org/schema/context http://www.springframework.org/schema/context/spring-context-2.5.xsd
		http://www.springframework.org/schema/util http://www.springframework.org/schema/util/spring-util-2.5.xsd">
 
 <bean id="viewResolver" 
 class="org.springframework.web.servlet.view.InternalResourceViewResolver">
 	<property name="prefix" value="/"/>
 	<property name="suffix" value=".jsp"/>
 </bean>
 
 <bean id="beanNameUrlMapping" 
 	class="org.springframework.web.servlet.handler.BeanNameUrlHandlerMapping"/>
 <bean name="/test/msg.action" class="com.test.TestController"/>
 
 <bean id="SimpleUrlMapping" 
 	class="org.springframework.web.servlet.handler.SimpleUrlHandlerMapping">
 	
 	<property name="order" value="1"/>
 	
 	<!-- http://xxxx/test/a.action -->
 	<property name="alwaysUseFullPath" value="true"/>
 	<property name="mappings">
 		<props>
 			<prop key="/test/write.action">listFormController</prop>
 			<prop key="/test/write_ok.action">listController</prop>
 		</props>
 	</property>
 	
 </bean>
 
 <bean name="listFormController" class="com.test.ListFormController"/>
 <bean name="listController" class="com.test.ListController"/>
 
 
 
 
    
   
</beans>  































