
{
	"count":4,
	"titles":[
		{
			"publisher":"조선",
			"headline":"삼성전자 인도상륙작전, 힘받나 했더니...코로나 봉쇄령에 [한숨]"
		},
		{
			"publisher":"한국",
			"headline":"KT, 1Q 영업익 전년도 15.4% 깜짝 실적...[응답하라 디지코]"
		},
		{
			"publisher":"중앙",
			"headline":"다가오는 실적시즌...꿈틀대는 [보험주]들"
		},
		{
			"publisher":"동아",
			"headline":"[만평오늘] 말하는 족족 [저격]...난감한 이재명"
		},
		{
			"publisher":"동아",
			"headline":"[만평오늘] 말하는 족족 [저격]...난감한 이재명"
		}
	]
}
