<?xml version="1.0" encoding="UTF-8"?>  
<beans xmlns="http://www.springframework.org/schema/beans"
	xmlns:xsi="http://www.w3.org/2001/XMLSchema-instance"
	xmlns:aop="http://www.springframework.org/schema/aop"
	xmlns:context="http://www.springframework.org/schema/context"	
	xmlns:p="http://www.springframework.org/schema/p"	
	xmlns:util="http://www.springframework.org/schema/util"
	xsi:schemaLocation="http://www.springframework.org/schema/beans http://www.springframework.org/schema/beans/spring-beans-2.5.xsd
		http://www.springframework.org/schema/aop http://www.springframework.org/schema/aop/spring-aop-2.5.xsd
		http://www.springframework.org/schema/context http://www.springframework.org/schema/context/spring-context-2.5.xsd
		http://www.springframework.org/schema/util http://www.springframework.org/schema/util/spring-util-2.5.xsd">
    
    
    <!-- IOC 제어의 역전으로 다 딸려온다 -->
    <bean id="sqlMapClientTemplate" class="org.springframework.orm.ibatis.SqlMapClientTemplate"
    p:sqlMapClient-ref="sqlMapClient"/>
    
    <!-- IOC 제어의 역전 -->
    <!-- 클라이언트, orm이 iBatis다 -->
    <bean id="sqlMapClient" class="org.springframework.orm.ibatis.SqlMapClientFactoryBean"
    p:dataSource-ref="dataSource"
    p:configLocation="WEB-INF/sqlMapConfig/sqlMapConfig.xml"/>
    
    <!-- IOC 제어의 역전 -->
    <!-- Transaction -->
    <!-- DataSourceTransactionManager클래스의 SetDataSource 메소드 -->
    <bean id="transactionManager" class="org.springframework.jdbc.datasource.DataSourceTransactionManager">
    	<property name="dataSource" ref="dataSource"/>
    </bean>
    
    <!-- DB연결, DB위치 -->
    <bean id="dataSource" class="org.apache.commons.dbcp.BasicDataSource" destroy-method="close">
    	<property name="driverClassName" value="oracle.jdbc.driver.OracleDriver"/>
    	<property name="url" value="jdbc:oracle:thin:@localhost:1521:TestDB"/>
    	<property name="username" value="suzi"/>
    	<property name="password" value="a123"/>
    </bean>
    
	
</beans>  
