<?xml version="1.0" encoding="UTF-8"?>

<!DOCTYPE struts
PUBLIC "-//Apache Software Foundation//DTD Struts Configuration 2.0//EN"
"http://struts.apache.org/dtds/struts-2.0.dtd">

<struts>
	<!-- struts.xml의 name="default"의 연장선 : extends="default" -->
	<package name="board" extends="default" namespace="/bbs">
	
		<action name="created" class="com.board.BoardAction" method="created">
			
			<interceptor-ref name="myPrepareParamsStack"/>
			
			<result name="input">/board/created.jsp</result>
			<result name="success" type="redirectAction">list</result>
		</action>
		
		<action name="list" class="com.board.BoardAction" method="list">
			<interceptor-ref name="myPrepareParamsStack"/>
			<result name="success">/board/list.jsp</result>
		</action>
		
		<action name="article" class="com.board.BoardAction" method="article">
			<interceptor-ref name="myPrepareParamsStack"/>
			<result name="success">/board/article.jsp</result>
		</action>
		
		<action name="updated" class="com.board.BoardAction" method="updated">
			<interceptor-ref name="myPrepareParamsStack"/>
			<result name="input">/board/created.jsp</result>
			<result name="success" type="redirectAction">list?pageNum=${pageNum}&amp;searchKey=${searchKey}&amp;searchValue=${searchValue}</result>
		</action>
		
		<action name="deleted" class="com.board.BoardAction" method="deleted">
			<interceptor-ref name="myPrepareParamsStack"/>
			<result name="success" type="redirectAction">list?pageNum=${pageNum}&amp;searchKey=${searchKey}&amp;searchValue=${searchValue}</result>
		</action>
	
	</package>
</struts>
