<?xml version="1.0" encoding="UTF-8"?>

<!DOCTYPE struts
PUBLIC "-//Apache Software Foundation//DTD Struts Configuration 2.0//EN"
"http://struts.apache.org/dtds/struts-2.0.dtd">

<struts>
<!-- 라이브러리 struts2-core-2.3.1.1.jar에 있는 struts-default.xml 불러옴 -->
<package name="default" extends="struts-default" namespace="">

	<result-types>
		<result-type name="tiles" class="org.apache.struts2.views.tiles.TilesResult"/>
	</result-types>
	
	<!-- 인터셉터 -->
	<interceptors>
		<interceptor-stack name="myBasicStack">
			<interceptor-ref name="exception"/>
			<interceptor-ref name="servletConfig"/>
			<interceptor-ref name="params"/>
		</interceptor-stack>
		
		<interceptor-stack name="myPrepareParamsStack">
			<interceptor-ref name="exception"/>
			<interceptor-ref name="servletConfig"/>
			<interceptor-ref name="prepare"/>
			<interceptor-ref name="modelDriven"/>
			<interceptor-ref name="params"/>
		</interceptor-stack>
		
		<interceptor-stack name="myFileUploadPrepareParamsStack">
			<interceptor-ref name="exception"/>
			<interceptor-ref name="servletConfig"/>
			<interceptor-ref name="fileUpload"/>
			<interceptor-ref name="prepare"/>
			<interceptor-ref name="modelDriven"/>
			<interceptor-ref name="params"/>
		</interceptor-stack>
		
	</interceptors>
	
	<default-interceptor-ref name="myBasicStack"/>

	<global-results>
		<result name="error">/exception/error.jsp</result>
	</global-results>

</package>

	<include file="struts-board.xml"/>

</struts>